sep=,
"Rank","Team","GP","Poss","%Time","Pts","PPP","FG Att","FG Made","FG Miss","FG%","eFG%","TO%","%FT","FTA/FGA","%SF","Score%","2 FG Att","2 FG Made","2 FG Miss","2 FG%","3FG Att","3 FG Made","3 FG Miss","3 FG%","3PA/FGA"
1,"Belmont Bruins",29,68.1,98.4,55.3,0.812,51,19,32,37.3,43.6,15,11.5,0.29,8.9,37.4,30.1,12.6,17.6,41.7,20.9,6.5,14.4,31,0.41
2,"Wisconsin Badgers",29,67.1,98.1,52.3,0.78,49.7,19.4,30.3,39,44.8,19.1,8.4,0.21,6.7,35.3,31.4,13.6,17.8,43.4,18.3,5.8,12.6,31.5,0.37
3,"Duquesne Dukes",29,73,98,52.1,0.713,51.8,18.9,32.9,36.4,41.8,21.3,9.4,0.24,7.9,32.6,33.6,13.2,20.4,39.4,18.2,5.6,12.6,30.9,0.35
4,"Villanova Wildcats",29,60.9,97.4,52.2,0.857,46.6,19.5,27.1,41.8,48.3,16.9,8.3,0.19,6,38.3,29.5,13.4,16,45.6,17.1,6,11.1,35.3,0.37
5,"Drake Bulldogs",28,68,97.3,54.6,0.804,48,19.8,28.2,41.3,46.1,19.5,12,0.31,8.7,38.2,31.7,15.2,16.5,47.9,16.3,4.6,11.6,28.4,0.34
5,"Loyola (Chicago) Ramblers",29,62,97.3,43,0.694,43.4,15.9,27.5,36.7,40.4,21.1,11,0.28,8.1,33.4,30.6,12.7,17.9,41.6,12.9,3.2,9.7,24.9,0.3
7,"Boise State Broncos",30,67.3,97.2,57.2,0.85,48.7,20.9,27.8,42.9,48.5,18.2,11,0.28,8.7,39.9,34.9,15.4,19.5,44.2,13.8,5.4,8.3,39.5,0.28
7,"Nebraska-Omaha Mavericks",31,65.2,97.2,41.6,0.637,44.4,14.1,30.3,31.8,37.3,23.6,9.4,0.27,6.7,29.3,26.3,9.2,17.1,34.9,18,4.9,13.1,27.2,0.41
9,"Minnesota Golden Gophers",29,64.8,97,58.6,0.904,51.2,22.6,28.6,44.1,48.9,12.9,9.5,0.22,6.8,42.3,36.5,17.6,18.9,48.2,14.7,5,9.7,33.9,0.29
10,"Le Moyne Dolphins",30,63.8,96.8,45.6,0.715,43.8,15.7,28.1,35.8,41.4,22.7,9.7,0.27,6.8,32.8,27.1,10.7,16.4,39.5,16.7,5,11.8,29.7,0.38
11,"UAB Blazers",29,64.1,96.7,54.3,0.847,46,19.7,26.3,42.8,49.5,19.4,9.9,0.26,7.7,38.9,28.6,13.6,14.9,47.7,17.5,6.1,11.4,34.9,0.38
11,"North Florida Ospreys",29,63,96.7,45.8,0.726,45.1,16.9,28.1,37.6,42.7,21.6,8.8,0.22,6.7,33.3,27.5,12.3,15.2,44.7,17.6,4.6,12.9,26.3,0.39
11,"Tennessee Tech Golden Eagles",29,66.7,96.7,49.7,0.744,47.4,16.9,30.6,35.6,41,18.3,12.8,0.33,9.6,34.5,30.6,11.8,18.9,38.4,16.8,5.1,11.7,30.5,0.35
11,"Murray State Racers",29,68.8,96.7,64.5,0.937,50.3,21.2,29,42.2,48,14.1,15.7,0.4,11.6,43.2,30.8,15.4,15.3,50.2,19.5,5.8,13.7,29.7,0.39
15,"Utah Utes",30,65.7,96.5,54.3,0.826,45.8,19.2,26.5,42,49.2,21.8,10.2,0.27,7.5,37.2,25.8,12.7,13.1,49.2,20,6.6,13.4,32.8,0.44
16,"Vermont Catamounts",31,58.6,96.3,51.1,0.872,46.2,19.9,26.3,43,47.9,14.1,9.1,0.21,7.7,40.7,31.6,15.4,16.3,48.6,14.5,4.5,10,31,0.32
17,"Lafayette Leopards",28,57.3,96.2,43.5,0.759,41.8,15.5,26.3,37.1,43.1,19.3,9.1,0.23,7.6,34.4,26.8,10.5,16.3,39.1,15.1,5,10,33.4,0.36
17,"Samford Bulldogs",31,62.5,96.2,47.5,0.761,45.5,16.4,29.1,36,42.9,18.9,9.4,0.25,6.9,33.5,23.9,10.1,13.8,42.3,21.6,6.3,15.3,29,0.47
19,"Kansas State Wildcats",31,61.2,96.1,50.1,0.818,44.4,18,26.3,40.7,45.9,18,11.5,0.29,8.6,37.9,29.7,13.4,16.3,45.2,14.6,4.6,10,31.5,0.33
19,"Montana Lady Griz",29,61.6,96.1,49.1,0.798,46.2,17.4,28.7,37.8,45.2,18.2,8.5,0.21,6.9,34.8,23.4,10.6,12.8,45.2,22.8,6.9,15.9,30.2,0.49
21,"Massachusetts Lowell",29,61.8,95.9,43.4,0.703,45.2,15.8,29.4,35,40.4,19.8,8.5,0.22,6.9,31.6,26,10.9,15.1,41.9,19.2,4.9,14.3,25.6,0.43
21,"La Salle Explorers",29,63.3,95.9,48.2,0.762,45.2,17.6,27.7,38.9,42.9,18.9,11.8,0.3,8,36.3,32.2,14,18.2,43.4,13,3.6,9.4,27.8,0.29
23,"Evansville Aces",29,68.6,95.8,53.1,0.774,49.2,18.9,30.3,38.4,43.6,18.5,11,0.29,8.4,36,31.9,13.8,18.1,43.2,17.3,5.1,12.2,29.4,0.35
23,"Rice Owls",29,63.7,95.8,53.1,0.834,46.9,18.3,28.6,39.1,43.9,15.8,12.6,0.32,9.6,38.8,32.1,13.8,18.2,43.1,14.9,4.5,10.3,30.4,0.32
23,"Creighton Bluejays",29,62.2,95.8,52.3,0.841,47,18.9,28.1,40.2,46.8,16.5,9.5,0.23,6.5,37.7,28.3,12.7,15.7,44.8,18.7,6.2,12.4,33.3,0.4
26,"Southern Indiana Screaming Eagles",29,66.9,95.7,52.9,0.79,49.1,19.1,30,38.9,43.4,17.5,11.1,0.28,8.6,37,35,14.7,20.3,41.9,14.1,4.4,9.7,31.5,0.29
27,"Northern Iowa Panthers",28,64.3,95.6,51.7,0.805,46.4,18.6,27.8,40.2,45.5,17.6,11.3,0.3,8.4,38.2,30.2,13.6,16.6,45.2,16.2,5,11.2,30.8,0.35
28,"Lindenwood University Lions",31,61.7,95.4,56.8,0.922,45.3,20.4,24.9,45.1,52.3,17.5,11,0.27,8.5,41.7,28.1,13.9,14.2,49.5,17.2,6.5,10.7,37.8,0.38
29,"Delaware Fightin Blue Hens",29,63.9,95.3,47.6,0.745,43.7,16.7,27,38.2,42.6,21.5,11.8,0.32,9,35.4,30.6,12.8,17.8,41.8,13.1,3.9,9.2,29.6,0.3
30,"Iowa Hawkeyes",29,66.2,95.2,60.8,0.919,48.4,23.2,25.2,47.9,52.7,17.6,11.9,0.29,8.2,43.5,34.4,18.5,16,53.7,14,4.7,9.3,33.6,0.29
31,"Eastern Illinois Panthers",31,64.4,95,44.4,0.69,45.1,15.6,29.5,34.6,39.3,21.3,9.9,0.27,7.5,32,29.9,11.4,18.6,37.9,15.2,4.3,10.9,28,0.34
31,"Penn State Lady Lions",29,64.2,95,54.1,0.843,45.7,21.1,24.6,46.2,51.4,21.2,9.6,0.24,7.5,39.5,31.6,16.4,15.2,51.8,14.1,4.7,9.3,33.6,0.31
31,"Western Illinois Leathernecks",29,61.3,95,56.1,0.916,44.8,19.7,25.1,43.9,48,14.4,14.7,0.37,10.5,44.1,34.1,16,18.1,47,10.7,3.7,7,34.2,0.24
34,"Oregon State Beavers",31,65,94.9,54.3,0.836,46.1,19.9,26.2,43.2,48.1,18.8,12.2,0.32,8.5,39.5,32.5,15.4,17.2,47.3,13.6,4.5,9,33.5,0.29
34,"California Baptist Lancers",29,64.2,94.9,51.1,0.796,47.6,18.9,28.7,39.8,45.7,18.7,8.9,0.22,6.7,36.1,27.2,13.3,13.9,48.8,20.4,5.7,14.8,27.7,0.43
36,"St. John's Red Storm",31,59.5,94.6,47.2,0.793,41,17,24,41.5,46.5,21.1,11.9,0.32,8.7,37.7,26.5,13,13.5,49.1,14.5,4,10.5,27.8,0.35
37,"Oklahoma Sooners",29,62.7,94.4,54.9,0.875,46.1,20.5,25.7,44.4,48.6,16.1,12.6,0.31,9.2,41.8,33,16.6,16.4,50.4,13.1,3.9,9.3,29.4,0.28
37,"Bradley Braves",29,62.5,94.4,52.9,0.847,46.6,18.9,27.7,40.5,47,16.3,11.4,0.28,8.9,38.5,29.7,12.9,16.8,43.4,16.9,6,10.9,35.5,0.36
37,"San Jose State Spartans",30,63,94.4,42.5,0.674,43.8,14.3,29.5,32.7,38.5,21.4,10.6,0.28,8.4,30.9,24.7,9.2,15.5,37.4,19.1,5.1,14,26.7,0.44
40,"Butler Bulldogs",30,61.6,94.3,48.4,0.786,43,17.7,25.3,41.1,46.4,21.8,10.6,0.27,7.6,36.5,27.4,13.1,14.3,47.8,15.5,4.6,11,29.4,0.36
40,"Purdue Boilermakers",29,63.3,94.3,52.1,0.822,45.9,19.3,26.6,42,47.6,19.6,10,0.25,7.6,37.7,30.5,14.2,16.3,46.6,15.4,5.1,10.3,33.1,0.34
40,"Saint Joseph's Hawks",29,60.2,94.3,50.6,0.84,43,17.9,25.2,41.5,47.3,18.3,12.3,0.32,9.3,39.2,27.3,12.9,14.5,47,15.7,5,10.7,31.9,0.36
43,"American University Eagles",28,58.5,94.2,42.3,0.723,42.3,14.8,27.5,35.1,40,19,10.1,0.26,7.8,33.6,25.9,10.6,15.3,41,16.4,4.2,12.2,25.7,0.39
43,"Missouri Tigers",31,58.9,94.2,51.4,0.872,40.8,17.4,23.5,42.5,49.7,20.1,13.1,0.34,9.9,39.7,23.5,11.5,12.1,48.8,17.3,5.9,11.4,34,0.42
43,"Northern Arizona Lumberjacks",31,64.4,94.2,49.5,0.768,44.6,16.9,27.6,38,43.2,20.2,12.5,0.34,10,35.9,30.6,12.3,18.4,40.1,13.9,4.6,9.3,33.3,0.31
43,"Indiana Hoosiers",30,56.3,94.2,51.3,0.912,40.1,18.5,21.6,46.1,52.8,19.8,11.2,0.29,8.5,41.4,25.2,13.1,12.1,51.9,14.9,5.4,9.5,36.3,0.37
43,"Oral Roberts Golden Eagles",29,59.6,94.2,50.3,0.844,43.7,18.4,25.3,42.1,46.7,16.8,12.2,0.3,9.8,39.7,31.8,14.3,17.5,45.1,11.9,4,7.8,34,0.27
48,"Drexel Dragons",27,59.1,94.1,45.6,0.771,44.4,16.9,27.5,38,41.7,15.8,10.6,0.27,7.6,36.8,33,13.6,19.4,41.3,11.4,3.3,8.1,28.7,0.26
49,"Iowa State Cyclones",30,68.8,94,68.6,0.997,51.8,24.9,26.9,48.1,54.4,14.2,13.3,0.32,10.1,45.6,34.2,18.4,15.8,53.8,17.7,6.6,11.1,37.2,0.34
49,"Florida State Seminoles",30,65.7,94,49.5,0.754,47.9,17.2,30.7,36,41.6,17.6,10.8,0.28,8.1,34.8,30.6,11.9,18.7,38.8,17.3,5.4,12,31,0.36
51,"Brown Bears",25,63.1,93.9,47.1,0.747,45.6,17.4,28.2,38.2,43.2,19.7,9.8,0.25,7.1,34.7,29.2,12.9,16.3,44.1,16.4,4.6,11.8,27.8,0.36
52,"Stetson Hatters",28,58.8,93.8,49.3,0.837,42.5,17.6,24.9,41.5,47.7,17.9,12,0.3,9.4,38.8,25.9,12.4,13.5,47.7,16.6,5.3,11.3,31.8,0.39
52,"UC Irvine Anteaters",29,61.9,93.8,53.9,0.871,44.5,17.2,27.3,38.7,45.2,14.9,14.7,0.39,10,40.2,26.8,11.4,15.4,42.5,17.7,5.8,11.9,32.7,0.4
52,"South Dakota State Jackrabbits",30,63.5,93.8,59.6,0.939,46.3,22,24.3,47.5,53,17.4,13.1,0.31,11,43.7,30.8,16.9,13.9,54.8,15.4,5.1,10.4,32.8,0.33
52,"Brigham Young Cougars",30,63.9,93.8,48.3,0.755,44.1,16.3,27.7,37.1,42.9,20.5,12.1,0.33,9.3,35.2,26.2,11.2,15,42.8,17.9,5.1,12.8,28.7,0.41
56,"Lipscomb Bisons",29,63,93.7,47.8,0.759,42.4,16.5,25.9,38.9,44.9,23.2,11.6,0.31,8.9,34.7,24.9,11.4,13.4,45.9,17.5,5.1,12.4,28.9,0.41
57,"George Mason Patriots",29,61.7,93.5,50.3,0.816,46,17.6,28.4,38.2,42.8,15,12.3,0.31,8.9,38.2,32.4,13.3,19.1,41.1,13.6,4.2,9.3,31.3,0.29
57,"Vanderbilt Commodores",30,65.6,93.5,60.6,0.924,49,21.6,27.4,44.1,51,15.6,11.4,0.28,9,41.9,30.1,14.9,15.2,49.5,18.9,6.7,12.2,35.6,0.39
59,"Cal Poly SLO Mustangs",28,63.6,93.4,42.7,0.671,42.5,15.3,27.1,36.1,39.8,24.1,10.3,0.29,8.8,32.2,30.8,12.1,18.6,39.5,11.7,3.2,8.5,27.1,0.28
59,"Tennessee-Martin Skyhawks",29,61.4,93.4,48.5,0.79,42.2,16.8,25.5,39.7,44.2,19.9,13.6,0.36,10.9,37.3,29.3,12.9,16.4,44.1,12.9,3.8,9.1,29.6,0.31
59,"Davidson Wildcats",31,64.6,93.4,53,0.82,47.5,19.6,27.9,41.2,47.4,18.7,10.1,0.24,7.9,37.2,28.9,13.7,15.2,47.4,18.6,5.9,12.7,31.5,0.39
59,"UC Santa Barbara Gauchos",28,56.3,93.4,47.8,0.848,41.3,16.9,24.4,41,48.1,17.8,11,0.27,8,38.4,22.4,11,11.4,49,18.9,5.9,13,31.4,0.46
59,"SIU Edwardsville Cougars",30,61.5,93.4,47,0.764,44.2,17.2,26.9,39,44.6,19.1,10.2,0.27,7.3,35.9,28.4,12.3,16.1,43.4,15.7,4.9,10.8,31.1,0.36
64,"Nebraska Cornhuskers",29,63.4,93.3,57.2,0.903,46.5,20.9,25.6,44.9,50.1,17,11.6,0.29,8,42.2,30.9,16.1,14.9,52,15.6,4.8,10.8,31,0.34
64,"St. Thomas (MN) Tommies",30,60.8,93.3,49.9,0.82,42.3,17.7,24.6,41.8,47,19.6,13.6,0.35,11.1,39,27.4,13.3,14.1,48.5,14.9,4.4,10.5,29.4,0.35
66,"Illinois State Redbirds",29,63.3,93.2,56.7,0.895,45.3,20,25.3,44.1,49,16.9,14.5,0.36,10.4,42.5,32.4,15.6,16.8,48.1,12.9,4.4,8.5,34,0.28
67,"Virginia Commonwealth Rams",30,61.1,93.1,40,0.655,43.1,14.7,28.4,34.1,38.3,21.8,8.9,0.24,6.6,30.5,28.7,11.1,17.7,38.5,14.4,3.6,10.8,25.2,0.33
68,"Michigan State Spartans",29,59,93,55.1,0.933,43.4,20.1,23.4,46.2,51.2,15.8,13.6,0.33,11,43.9,30.3,15.7,14.6,51.9,13.1,4.3,8.8,33.1,0.3
69,"Weber State Wildcats",31,60.9,92.7,47.8,0.784,42,16.6,25.4,39.5,45.7,21.3,10.9,0.3,7.8,36.4,26,11.4,14.6,43.7,15.9,5.2,10.7,32.6,0.38
69,"Texas-(San Antonio) Roadrunners",27,62.7,92.7,43.9,0.7,44,16.3,27.8,36.9,40.1,20.4,10.5,0.29,7.9,34.5,33.2,13.5,19.7,40.6,10.9,2.8,8.1,25.6,0.25
69,"Florida Atlantic Owls",28,60,92.7,44.2,0.737,41,15.7,25.3,38.3,43.3,21.5,12,0.32,10.2,35,26.6,11.6,15,43.7,14.4,4.1,10.3,28.3,0.35
69,"Liberty Flames",28,63.5,92.7,51,0.803,45.4,19,26.4,41.9,47.6,20.6,10.1,0.25,7.9,37,30.8,13.9,16.9,45,14.6,5.2,9.4,35.5,0.32
73,"Central Arkansas Bears",30,63,92.6,49.7,0.788,48.1,18.4,29.7,38.3,44.6,16.5,8.6,0.21,6.6,35.7,27.5,12.3,15.2,44.7,20.5,6.1,14.4,29.7,0.43
74,"Washington Huskies",29,58.8,92.5,50,0.85,44.6,18.9,25.6,42.5,48.3,17.6,8.9,0.21,7.1,38.3,28.6,13.8,14.8,48.3,16,5.1,10.9,32.1,0.36
74,"Binghamton Bearcats",29,61.8,92.5,50.7,0.821,43.8,17.9,25.9,40.8,45.7,18.9,12.5,0.33,9.7,38.3,30.3,13.5,16.8,44.5,13.4,4.3,9.1,32.3,0.31
74,"Arkansas-(Little Rock) Trojans",30,62.5,92.5,44,0.705,45.8,15.7,30.1,34.4,38.1,17.4,10.8,0.27,8.1,33.8,33.6,12.3,21.3,36.6,12.2,3.4,8.7,28.2,0.27
77,"Bellarmine Knights",31,65.2,92.3,38.7,0.594,42.3,12.8,29.5,30.2,34.5,25.4,11.4,0.33,9.3,28.2,27.9,9.1,18.7,32.8,14.4,3.6,10.8,25.3,0.34
77,"UCLA Bruins",29,62.4,92.3,62.1,0.996,47.5,23.8,23.8,50,55.6,15.7,10.9,0.25,9.2,45.8,33.1,18.4,14.7,55.7,14.4,5.3,9.1,36.9,0.3
79,"Dayton Flyers",29,62.5,92.2,49.1,0.785,42.3,17.7,24.7,41.8,46.7,22,12.6,0.34,9.5,37.3,28.9,13.5,15.4,46.7,13.4,4.2,9.2,31.3,0.32
80,"Denver Pioneers",29,60,92.1,43.9,0.731,43.9,15.6,28.3,35.4,41.2,18.4,10.1,0.26,7.3,33.6,26.5,10.5,16,39.5,17.4,5.1,12.3,29.2,0.4
80,"Tennessee State Tigers",29,63.1,92.1,41.5,0.657,41.8,14.6,27.2,34.9,39,24.1,11.7,0.33,9.6,31.1,29.4,11.2,18.2,38,12.4,3.4,9,27.4,0.3
82,"Valparaiso University",29,64.3,92,40.9,0.636,45.4,14.6,30.8,32.2,36.5,20.9,10.6,0.27,9.1,30.3,29.2,10.7,18.4,36.8,16.2,3.9,12.3,24,0.36
82,"South Florida Bulls",29,56.7,92,46.4,0.818,41,17.2,23.7,42.1,45.5,17.9,11.4,0.3,8.4,39.4,31.9,14.4,17.4,45.3,9.1,2.8,6.3,30.8,0.22
82,"Alabama Crimson Tide",30,60.5,92,53.2,0.879,43.3,19.1,24.2,44.2,51,19.1,11.4,0.29,8.3,40.1,27.2,13.2,14,48.5,16.1,5.9,10.1,36.9,0.37
82,"Morehead State Eagles",31,60.9,92,49.6,0.814,42,17.1,24.9,40.7,47.7,20.8,11.5,0.32,7.7,37.3,23.2,11.2,11.9,48.5,18.9,5.9,13,31.1,0.45
82,"Portland Pilots",30,64,92,49.8,0.779,45.6,18,27.5,39.6,44.6,19.7,10.8,0.28,8.8,36.4,30.6,13.5,17.1,44.1,15,4.5,10.4,30.3,0.33
87,"Colgate Raiders",28,61.4,91.9,42.1,0.686,45,15.8,29.2,35.2,39.2,19.7,8.1,0.21,6.5,32.3,31.1,12.2,18.9,39.2,13.9,3.6,10.3,26,0.31
87,"Towson Tigers",28,63,91.9,46.7,0.742,45.8,16.2,29.6,35.3,40.8,17.7,11.5,0.3,8.9,34.3,29.5,11.2,18.4,37.8,16.3,5,11.3,30.8,0.35
89,"Northern Illinois Huskies",28,61.1,91.8,44.4,0.725,40.4,15.2,25.2,37.6,42.1,22.6,13.7,0.38,10.7,35.1,28.3,11.6,16.7,41,12.2,3.6,8.5,29.9,0.3
89,"Navy Midshipmen",27,60.9,91.8,49.7,0.817,45.7,18.6,27.1,40.7,45.3,15.8,10.4,0.27,7.4,38.9,30.4,14.4,16,47.4,15.3,4.2,11.1,27.4,0.33
89,"Tulsa Golden Hurricane",28,58.4,91.8,44.9,0.768,39,15.3,23.7,39.2,44.8,22.1,12.6,0.36,8.7,36.6,24,11,13.1,45.6,14.9,4.3,10.6,28.9,0.38
92,"East Carolina Pirates",31,65.1,91.7,50.4,0.775,46.7,17.3,29.4,37.1,41.2,17.1,13.8,0.35,10.4,36.8,33.7,13.5,20.2,40.2,13,3.8,9.2,29.1,0.28
92,"Florida Gulf Coast Eagles",29,57.7,91.7,44.3,0.768,38.6,15.2,23.3,39.5,45.1,22.1,12.7,0.36,8.7,36.4,24,10.9,13.1,45.4,14.6,4.3,10.2,29.8,0.38
92,"Bryant University Bulldogs",29,60.4,91.7,48.1,0.796,44.1,18.1,25.9,41.2,45.9,18.8,9.9,0.25,7,37.8,31.3,14,17.3,44.6,12.8,4.2,8.6,32.7,0.29
95,"Oklahoma State Cowgirls",31,61.9,91.6,56.4,0.911,46.3,20.5,25.8,44.2,50.7,16.2,11.4,0.28,8.7,41.2,28,14.4,13.6,51.4,18.3,6.1,12.3,33.1,0.4
95,"Boston College Eagles",31,59.2,91.6,43.3,0.732,43.3,14.9,28.4,34.5,39.4,17.7,11,0.28,8.3,33.7,28,10.7,17.4,38.1,15.3,4.3,11,27.9,0.35
95,"Illinois-Chicago Flames",29,60.2,91.6,50.1,0.832,44.9,19.3,25.6,43.1,46,15.7,12,0.29,8.4,40.7,35.3,16.7,18.7,47.1,9.6,2.7,6.9,28.1,0.21
98,"Middle Tennessee State Blue Raiders",28,61.9,91.5,49.5,0.8,42.8,17.1,25.6,40.1,46.6,21.2,11.1,0.3,7.8,36.8,26.1,11.6,14.5,44.5,16.6,5.5,11.1,33.3,0.39
98,"George Washington Revolutionaries",31,59.6,91.5,47.7,0.8,42.1,17.2,24.9,40.8,45.2,19.6,11.9,0.3,9.6,37.4,29.6,13.5,16.1,45.6,12.5,3.7,8.8,29.6,0.3
98,"Marist Red Foxes",30,61.1,91.5,45.5,0.744,43.6,16,27.6,36.6,42.4,20.5,9.9,0.26,7.2,33.9,28.5,11,17.6,38.4,15.1,5,10.1,33.2,0.35
101,"New Hampshire Wildcats",29,56.8,91.4,41.2,0.725,40.8,15.3,25.5,37.5,41.5,20.4,9.6,0.24,7.8,34,28.2,12,16.2,42.6,12.5,3.2,9.3,25.9,0.31
101,"Northwestern Wildcats",29,61.8,91.4,48.7,0.788,44.2,17.9,26.3,40.4,44.7,19.2,11.2,0.29,8.6,37.4,31.4,14,17.3,44.7,12.8,3.8,9,29.8,0.29
101,"Clemson Tigers",30,61.7,91.4,52.2,0.845,46.2,19,27.1,41.2,47.2,15.9,11.5,0.28,9.5,38.7,27.6,13.5,14.1,49,18.6,5.5,13.1,29.6,0.4
104,"Wichita State Shockers",29,61.9,91.3,41.9,0.677,43.8,15.5,28.3,35.3,38.7,20.3,11,0.28,8.7,32.5,30.6,12.5,18,41,13.3,3,10.3,22.3,0.3
104,"Albany Great Danes",29,57.5,91.3,45.8,0.796,41.3,17.3,24,41.9,47.1,20.3,10,0.25,7.3,37.1,27.9,13,14.9,46.7,13.3,4.3,9.1,32,0.32
104,"Massachusetts Minutewomen",27,59.6,91.3,47.3,0.793,44,17.8,26.3,40.4,44.7,17,10.4,0.26,8,37.9,30.9,13.9,17,45.1,13.1,3.9,9.3,29.3,0.3
107,"Oregon Ducks",31,59.1,91.1,50.5,0.855,42.7,18.7,24,43.8,48.8,18.8,10.6,0.27,8,40.1,30.3,14.5,15.8,47.9,12.4,4.2,8.2,34,0.29
107,"Ohio State Buckeyes",30,55.6,91.1,49.2,0.884,41.9,18.1,23.8,43.1,48.4,15.5,11.4,0.27,9.2,41.1,27.9,13.7,14.2,49,14,4.4,9.6,31.4,0.33
107,"St. Bonaventure Bonnies",30,57.2,91.1,43.6,0.762,41,16.3,24.7,39.8,43.8,19.9,10.2,0.26,7.5,36.2,29.4,13.1,16.3,44.5,11.7,3.3,8.4,28,0.28
110,"Providence Friars",30,59.6,91,41.8,0.701,42,15.1,26.9,35.9,39.8,19.8,10.9,0.3,7.9,33.3,29.8,11.8,18,39.6,12.2,3.3,8.9,26.8,0.29
110,"Miami (OH) RedHawks",29,59.1,91,53,0.897,42.4,19,23.4,44.8,51.5,18.9,11.4,0.29,8.3,40.8,25.8,13.3,12.5,51.5,16.6,5.7,10.9,34.4,0.39
110,"Seton Hall Pirates",29,61,91,49.6,0.812,44.7,17.5,27.2,39.2,44.5,17,11.5,0.29,8.1,37.6,29,12.8,16.2,44,15.7,4.8,10.9,30.3,0.35
113,"Stephen F. Austin Lumberjacks",31,56.6,90.9,47.3,0.835,39.5,16.7,22.8,42.3,49,21,11.1,0.29,8.6,37.8,23.8,11.5,12.3,48.2,15.8,5.3,10.5,33.5,0.4
113,"Utah State Aggies",28,58,90.9,41.9,0.722,41.9,15,26.9,35.9,41,19.4,9.5,0.25,8,33.4,25.6,10.7,14.9,41.8,16.3,4.3,12,26.5,0.39
113,"Richmond Spiders",31,59,90.9,56.8,0.962,44.5,20.4,24.1,45.9,55.2,17.8,9,0.21,6.3,41.1,22.4,12.1,10.3,54.1,22.1,8.3,13.8,37.6,0.5
116,"Cincinnati Bearcats",28,64.7,90.8,51.2,0.791,45.9,18.3,27.7,39.7,43.9,18.8,12.8,0.33,10.5,37.6,34.5,14.4,20,41.9,11.5,3.8,7.6,33.3,0.25
116,"Holy Cross Crusaders",28,56.4,90.8,43.6,0.773,41,16.1,25,39.2,43.5,18.5,10.4,0.26,7.2,36.5,27.9,12.5,15.4,44.9,13.1,3.5,9.6,26.9,0.32
118,"Missouri State Lady Bears",29,64.6,90.6,49.7,0.77,43,16.7,26.3,38.8,41.9,20.3,15.1,0.42,10.9,38.1,33.6,14,19.6,41.8,9.4,2.7,6.7,28.3,0.22
118,"Western Michigan Broncos",27,61.1,90.6,43.6,0.714,41.7,15.3,26.5,36.6,42.5,22.3,11.1,0.3,7.4,32.7,24.5,10.3,14.2,42.1,17.3,5,12.3,28.8,0.41
118,"Eastern Washington University",31,65.3,90.6,50.1,0.766,47.1,17.6,29.5,37.4,42.4,18,11.9,0.3,8.3,35.8,31.7,12.9,18.8,40.6,15.4,4.7,10.6,30.8,0.33
121,"High Point Panthers",29,56.6,90.5,47.4,0.839,40.1,16.8,23.3,42,47.4,18.6,12.7,0.33,9.6,39.3,25.5,12.5,13,49,14.6,4.3,10.3,29.7,0.36
122,"Quinnipiac Bobcats",29,57.7,90.3,51.6,0.895,44.2,19.1,25.1,43.2,49.3,15.2,9.9,0.24,7.4,41,29.3,13.7,15.7,46.5,14.8,5.4,9.4,36.5,0.34
122,"Utah Tech University Trailblazers",27,56.4,90.3,41.8,0.741,40,14.4,25.6,36,42.2,19.9,11.7,0.29,9.1,33.7,22.3,9.4,12.9,42.3,17.7,5,12.7,28.1,0.44
122,"Marquette Golden Eagles",28,56.6,90.3,48.5,0.857,40.6,18.1,22.4,44.7,50.6,20.6,9.7,0.24,7.6,39.3,27.6,13.4,14.3,48.4,13,4.8,8.2,36.9,0.32
122,"Lehigh Mountain Hawks",27,55.7,90.3,49.4,0.888,38,16.7,21.2,44.1,51.7,20.9,12.8,0.35,9.3,40.6,20.7,11,9.7,53.2,17.3,5.7,11.6,33.2,0.46
126,"Texas A&M Aggies",25,62,90.2,45.6,0.734,42.4,15.6,26.8,36.9,41.5,20.3,12.8,0.35,9.2,35.3,29.7,11.7,18,39.4,12.7,3.9,8.8,30.8,0.3
126,"UNC Greensboro Spartans",29,60.1,90.2,44.9,0.748,45.1,16,29.1,35.4,41.4,17.3,8.9,0.22,7.1,33.4,27.9,10.6,17.3,37.9,17.2,5.4,11.8,31.3,0.38
126,"Wisconsin-(Milwaukee) Panthers",32,60.7,90.2,45.1,0.744,42.7,15.8,26.9,36.9,42.4,19.9,11.3,0.3,8,34.7,27.2,11.1,16.1,40.7,15.5,4.7,10.8,30.2,0.36
129,"Princeton Tigers",26,57.7,90.1,49.9,0.865,43.3,17.8,25.5,41.1,46.5,15.3,12,0.29,9,39.7,27.9,13.2,14.8,47.1,15.4,4.7,10.8,30.2,0.36
129,"South Dakota Coyotes",30,63.1,90.1,53.2,0.842,46.7,18.5,28.2,39.5,43.9,15.1,12.9,0.32,10.5,39.5,34.2,14.4,19.8,42.1,12.5,4.1,8.5,32.4,0.27
129,"Southern Utah Thunderbirds",28,61.3,90.1,51.8,0.844,43.5,18.1,25.4,41.5,46.2,16.7,14.2,0.37,9.4,40.9,30.6,14,16.6,45.8,12.9,4,8.8,31.4,0.3
132,"Western Kentucky Hilltoppers",27,53.1,89.9,38.6,0.727,37.8,14.3,23.4,37.9,42.6,20.9,9.3,0.24,7,34.1,24.1,10.8,13.3,44.8,13.6,3.5,10.1,25.8,0.36
132,"N.J.I.T. Highlanders",29,57.1,89.9,47.2,0.827,41,17.9,23.2,43.5,48.9,19.4,10.1,0.26,7.2,38.9,27.1,13.4,13.7,49.4,13.9,4.4,9.4,32,0.34
134,"UC Davis Aggies",29,61.3,89.8,51.7,0.844,44.7,17.9,26.8,40,47.5,17.9,10.9,0.28,7.7,37.5,23.4,11.2,12.3,47.6,21.2,6.7,14.6,31.5,0.48
134,"UMBC Retrievers",28,60.1,89.8,44.1,0.734,42.8,15.1,27.7,35.3,39.3,17.5,13.1,0.35,10.1,35.2,31.3,11.6,19.6,37.2,11.5,3.4,8,29.9,0.27
136,"Fairfield Stags",29,56.4,89.7,53.5,0.949,43.2,19.1,24,44.3,53.5,15.8,9.4,0.23,7.4,40.6,21.4,11.2,10.2,52.4,21.7,7.9,13.8,36.3,0.5
136,"Wyoming Cowgirls",28,55.3,89.7,40.2,0.728,40.6,15.4,25.2,38,43.4,20.5,6.7,0.17,4.9,33.4,25.1,11,14.1,44,15.5,4.4,11.1,28.3,0.38
138,"Michigan Wolverines",29,60,89.5,52.6,0.877,44.3,19.6,24.7,44.2,49.2,16.2,12.5,0.31,8.6,41.5,30.9,15.2,15.7,49.2,13.3,4.4,9,32.8,0.3
138,"Yale Bulldogs",26,60.5,89.5,41.1,0.68,42.1,15.8,26.3,37.5,40,22.6,9.3,0.25,7.9,32.9,34.7,13.7,20.9,39.6,7.5,2.1,5.4,27.8,0.18
140,"Texas A&M-(Corpus Christi) Islanders",29,62.9,89.4,42,0.667,40.5,14.6,25.9,36,40.5,25.2,12,0.35,8.7,32.3,26.4,11,15.4,41.6,14,3.6,10.4,25.6,0.35
140,"Utah Valley Wolverines",27,61.3,89.4,46,0.75,41.3,15.6,25.7,37.8,42.4,21,13,0.37,9.8,36.5,29,11.7,17.3,40.5,12.3,3.9,8.4,31.3,0.3
142,"Furman Paladins",29,61.5,89.3,43.4,0.707,41.8,15.4,26.4,36.9,40.9,20.3,13.1,0.37,10.3,35.1,30.3,12.1,18.2,39.9,11.5,3.3,8.2,29,0.28
142,"Youngstown State Penguins",29,56.7,89.3,47.3,0.834,41.6,17.3,24.3,41.5,46.6,17.5,11.2,0.28,8,38.9,27.6,13.1,14.5,47.4,14,4.2,9.8,29.9,0.34
142,"Georgia Lady Bulldogs",30,58.6,89.3,50.6,0.863,42.7,18.2,24.5,42.6,48.1,17.3,12.1,0.31,9.3,40.2,28.9,13.5,15.4,46.7,13.8,4.7,9.1,34.1,0.32
142,"Wofford Terriers",28,61.3,89.3,50.3,0.82,47.4,18.6,28.8,39.3,44.3,14.3,9.9,0.24,8.2,38,32.1,13.9,18.2,43.3,15.3,4.7,10.5,30.9,0.32
146,"Maryland Terrapins",30,60.9,89.2,53.6,0.88,44.1,19.4,24.8,43.9,48.8,17.3,12.5,0.31,9.4,41.2,30.7,15,15.7,48.9,13.4,4.3,9.1,32.3,0.3
146,"UC San Diego Tritons",28,60.3,89.2,47.8,0.793,44.6,17.5,27.2,39.1,43.9,16.9,11.2,0.28,8.4,37,29.7,13.2,16.5,44.4,15,4.3,10.7,28.6,0.34
146,"Tarleton State Texans",28,63.5,89.2,45.6,0.718,44.8,16.6,28.3,37,41.2,20.1,11.3,0.29,9.3,34.2,31.3,12.8,18.5,40.8,13.6,3.8,9.8,28.2,0.3
146,"Southeastern Louisiana Lions",29,60.7,89.2,41.9,0.69,43.5,14.7,28.8,33.8,38.8,19.6,10.2,0.27,7.8,31.9,27.8,10.3,17.5,37.1,15.7,4.4,11.3,28,0.36
150,"TCU Horned Frogs",31,58.7,89.1,55.3,0.941,44.3,20.4,23.9,46,53.5,16.6,9.9,0.24,8,42.1,26.2,13.8,12.4,52.7,18.1,6.6,11.5,36.5,0.41
150,"North Dakota Fighting Hawks",30,59.5,89.1,43.3,0.728,39.8,14.6,25.3,36.6,43.1,23.5,10.9,0.31,8.3,33.4,20.4,9.4,11,46.2,19.5,5.2,14.3,26.5,0.49
150,"Harvard Crimson",26,61.4,89.1,46.8,0.763,45.4,17.2,28.2,37.8,43.1,18.4,9.5,0.23,7,35.2,29.8,12.5,17.3,41.9,15.7,4.7,10.9,30.2,0.34
153,"Saint Louis Billikens",31,62.2,89,45,0.724,43.3,15.9,27.3,36.8,40.4,20.5,11.8,0.32,8.8,34.9,30.6,12.8,17.8,41.9,12.6,3.1,9.5,24.5,0.29
153,"Incarnate Word Cardinals",29,61.7,89,46.7,0.756,43.2,16.3,26.9,37.7,43.3,20.3,11.6,0.3,8.9,35.1,26,11.4,14.6,43.9,17.2,4.9,12.3,28.3,0.4
153,"East Texas A&M Lions",29,57.8,89,43.3,0.75,41,15,26,36.7,41.5,19,11.8,0.31,10.1,35.5,27.9,11.1,16.8,39.7,13.1,4,9.2,30.2,0.32
156,"Portland State Vikings",30,60.3,88.9,45.9,0.761,42,16.3,25.7,38.9,42.3,20,13,0.34,10.7,36.8,30.9,13.4,17.5,43.4,11.1,2.9,8.2,26.1,0.26
156,"Baylor Bears",31,63.8,88.9,52.6,0.825,45.1,18.6,26.5,41.2,46.9,19.4,11.1,0.31,7.4,38.1,28.6,13.5,15.1,47.1,16.5,5.1,11.4,31.1,0.37
158,"DePaul Blue Demons",31,60.4,88.8,41,0.678,44.8,15.6,29.2,34.8,38.7,18.4,9,0.22,7.4,32.3,31.4,12.2,19.2,38.8,13.4,3.4,10,25.5,0.3
158,"Dartmouth Big Green",26,57.6,88.8,41.5,0.721,40.7,14.7,25.9,36.2,41.5,20.4,9.9,0.27,7.1,33.5,25.7,10.4,15.2,40.6,15,4.3,10.7,28.7,0.37
158,"Southern Methodist Mustangs",30,62.8,88.8,41.9,0.667,44,15,29,34,38.6,21.2,11.1,0.28,8.4,31.3,29.2,10.9,18.3,37.4,14.8,4.1,10.8,27.4,0.34
158,"Marshall Thundering Herd",31,59.9,88.8,51.1,0.853,42.9,17.8,25.2,41.4,48.6,18.5,12.5,0.31,9.7,38.5,24,11.6,12.4,48.4,18.9,6.2,12.8,32.5,0.44
158,"UC Riverside Highlanders",29,55.8,88.8,41.9,0.752,39.7,14.8,24.9,37.2,43,19.7,10.5,0.28,7.1,34.5,23.9,10.2,13.7,42.6,15.8,4.6,11.2,29,0.4
163,"New Mexico State Aggies",28,59.4,88.7,40.9,0.688,40.9,15.6,25.2,38.3,41.3,23,10,0.27,7.9,33.5,32,13.2,18.8,41.2,8.9,2.5,6.4,27.7,0.22
163,"Boston University Terriers",28,57.4,88.7,46.1,0.803,41,17.1,23.9,41.8,47,19.7,10.4,0.27,8.4,37.8,27.3,12.8,14.5,46.9,13.7,4.3,9.4,31.5,0.33
165,"Kentucky Wildcats",30,59.9,88.6,53.8,0.899,45,20.1,24.9,44.6,50.6,15.5,11.2,0.27,9,41.8,28.8,14.7,14.1,51,16.2,5.4,10.8,33.3,0.36
165,"Long Beach State 49ers",28,59.8,88.6,40.4,0.675,41.1,14.5,26.6,35.2,39.7,22.2,10.1,0.28,7.9,31.9,27.2,10.8,16.4,39.6,13.9,3.7,10.2,26.5,0.34
167,"Maine Black Bears",29,59,88.5,46.4,0.787,44.7,17.3,27.4,38.7,43,15.6,10.2,0.25,8.1,37,30,13.4,16.6,44.7,14.7,3.9,10.8,26.4,0.33
167,"California Golden Bears",31,60.5,88.5,48.4,0.8,42.1,17,25,40.5,45.9,20,12.5,0.33,8.6,37.6,26.5,12.5,14,47.2,15.6,4.5,11.1,29.1,0.37
169,"Ohio Bobcats",27,58.5,88.4,48,0.821,40.7,15.9,24.8,39.1,46.9,18.6,13.6,0.37,8.9,37.3,21.3,9.6,11.7,44.9,19.4,6.3,13,32.7,0.48
170,"Cornell Big Red",26,57.5,88.3,39.7,0.691,41,14.4,26.6,35.1,40,20.5,9.2,0.24,7.1,32.1,27.2,10.4,16.8,38.3,13.8,4,9.8,28.9,0.34
170,"Texas Tech Lady Raiders",31,60.3,88.3,53,0.879,41.9,18.6,23.3,44.4,50.3,20.3,13,0.34,9.7,40.5,26.9,13.6,13.3,50.5,14.9,5,10,33.3,0.36
170,"Florida Gators",31,61.7,88.3,50.2,0.814,42.1,17.9,24.3,42.4,46.7,20.2,14.2,0.38,10.6,39.4,28.5,14.3,14.2,50.1,13.7,3.6,10.1,26.4,0.32
173,"Fordham Rams",29,62.2,88.2,40.8,0.656,44.3,15.2,29.1,34.3,38,21.2,9.3,0.24,6.9,30.9,32.2,11.9,20.3,37,12.1,3.3,8.8,27.1,0.27
173,"Houston Christian Huskies",29,58.2,88.2,41,0.704,39.1,14.5,24.6,37.1,42.2,22.9,11.6,0.32,8.8,33.6,23.6,10.6,13,44.9,15.6,3.9,11.6,25.3,0.4
173,"Santa Clara Broncos",32,59.4,88.2,51.5,0.867,45.6,17.8,27.8,39,45.2,12.3,12.4,0.3,9.2,39.7,26.7,12,14.6,45.1,18.9,5.7,13.2,30.2,0.41
176,"Ball State Cardinals",30,61.9,88.1,53,0.856,43.4,19.4,24,44.6,50.1,19.6,12.5,0.33,9,40.6,29,14.6,14.3,50.5,14.4,4.7,9.7,32.8,0.33
176,"Sacred Heart Pioneers",29,58.2,88.1,40.6,0.697,38.1,14,24.1,36.7,40.4,23.4,12.8,0.37,9.8,34.2,27.9,11.1,16.8,39.8,10.1,2.9,7.3,28.2,0.27
178,"Idaho Vandals",31,57.9,88,47.1,0.813,43.1,17.4,25.7,40.4,44.8,16.4,11.1,0.28,8.4,38.6,30.1,13.6,16.5,45.1,13,3.8,9.2,29.4,0.3
178,"Arkansas Razorbacks",31,58.6,88,43.5,0.742,42,15.2,26.8,36.1,41.6,18.8,11.5,0.29,9.1,34.4,27.4,10.6,16.7,38.9,14.7,4.5,10.1,31,0.35
178,"Siena Saints",29,62.3,88,43.1,0.692,44.2,15.6,28.6,35.3,38.6,20.2,10.6,0.28,8.3,32.9,30.9,12.7,18.2,41.1,13.4,2.9,10.4,21.9,0.3
178,"Campbell Fighting Camels",31,55.6,88,40.4,0.726,38.6,14.6,24,37.8,41.9,20.5,12,0.32,8.6,35,27.6,11.4,16.2,41.2,11,3.2,7.8,29.2,0.29
182,"Charleston Southern Buccaneers",29,54.9,87.9,41.9,0.763,39.9,14.6,25.3,36.6,43.8,19,10.1,0.25,7.7,34.1,22.5,8.8,13.7,39.2,17.3,5.8,11.6,33.2,0.44
183,"Washington State Cougars",31,61.4,87.7,48.2,0.786,44.7,18.1,26.7,40.4,45.2,19.3,9.1,0.23,6.8,36.7,29.1,13.7,15.4,47.1,15.6,4.4,11.3,27.9,0.35
183,"Louisiana Tech Lady Techsters",27,56.3,87.7,46.6,0.828,39.3,16.5,22.9,41.9,47.9,20.1,12,0.32,9.1,38.6,25.3,11.8,13.5,46.6,14,4.7,9.3,33.5,0.36
185,"USC Trojans",29,58.9,87.6,46.6,0.791,43.5,16.8,26.7,38.7,43.8,16.9,11.6,0.29,8.7,37,28,12.4,15.6,44.3,15.6,4.4,11.1,28.6,0.36
185,"North Alabama Lions",29,61.5,87.6,46.7,0.759,44.7,17.6,27.1,39.3,43.5,18.9,10.1,0.26,7.7,36,31,13.8,17.2,44.4,13.7,3.8,9.9,27.7,0.31
187,"Norfolk State Spartans",28,55.6,87.5,36.7,0.66,38.6,12.7,25.9,32.9,37.1,20.6,11.1,0.31,9.4,31.6,26.2,9.4,16.8,36,12.4,3.3,9.1,26.3,0.32
188,"San Diego State Aztecs",28,56,87.3,49.5,0.884,42.3,18.2,24.1,43,49.5,16.3,9.6,0.24,7.6,40.2,26.7,12.8,14,47.7,15.6,5.5,10.1,35,0.37
188,"Army Black Knights",28,57.9,87.3,48.8,0.842,42.2,17.3,25,40.9,46.6,16.9,12.1,0.31,9.8,39,27.1,12.4,14.7,45.8,15.1,4.8,10.3,31.9,0.36
190,"Wright State Raiders",31,61.4,87.2,46.8,0.762,45.1,16.7,28.4,37,42.7,17.6,10.3,0.26,7.8,35.2,29.3,11.5,17.8,39.3,15.8,5.2,10.6,32.7,0.35
190,"North Dakota State Bison",29,56.6,87.2,55.7,0.985,40.9,19.6,21.3,47.9,52.3,14.7,16.9,0.41,13.2,46.6,29.6,16,13.6,54,11.3,3.6,7.7,31.9,0.28
190,"Xavier Musketeers",29,57.8,87.2,43.4,0.752,41.8,16.2,25.6,38.8,43.7,20.4,9,0.23,7,34.7,27.7,12.1,15.7,43.5,14.1,4.1,9.9,29.4,0.34
190,"Elon Phoenix",28,59.6,87.2,45.4,0.761,42.3,16,26.3,37.9,42,18.7,11.9,0.31,9.1,36.8,30.1,12.6,17.5,41.9,12.2,3.4,8.8,28.1,0.29
190,"San Francisco Dons",30,58.9,87.2,42.9,0.729,40.8,15.4,25.3,37.9,42.4,21.3,11.1,0.3,7.9,34.8,27.1,11.7,15.3,43.3,13.7,3.7,10,27,0.34
195,"Gardner-Webb Runnin Bulldogs",30,56.2,87.1,40.3,0.717,39.4,14.5,24.9,36.8,43.3,22.3,9,0.24,7.1,32.2,23.8,9.4,14.4,39.6,15.6,5.1,10.5,32.6,0.4
196,"Manhattan Jaspers",29,58.3,87,39.6,0.678,40.3,14.4,25.9,35.7,38.5,22.5,10.3,0.27,8.2,32.4,30.9,12.1,18.8,39.1,9.4,2.3,7.1,24.5,0.23
197,"Mercyhurst Lakers",28,57.5,86.9,45.3,0.787,41.3,15,26.3,36.2,43.7,18.5,11.1,0.29,8.3,35.2,21.7,8.8,12.9,40.5,19.6,6.2,13.4,31.6,0.47
197,"Seattle Redhawks",29,57.9,86.9,42.8,0.739,41.4,15.7,25.8,37.8,42.3,20.8,8.9,0.24,7.4,34.2,28.2,11.9,16.3,42.1,13.2,3.8,9.4,28.5,0.32
197,"Kansas Jayhawks",30,58.5,86.9,52.7,0.9,38.6,18.1,20.5,46.9,51.6,21.5,15.8,0.43,12.1,42.8,27.7,14.5,13.2,52.4,11,3.6,7.3,33.1,0.28
200,"Georgia Tech Yellow Jackets",30,58.2,86.8,43,0.74,40.9,15.6,25.3,38.1,41.7,19.9,11.4,0.3,9.6,35.8,29.4,12.7,16.7,43.1,11.5,2.9,8.6,25.3,0.28
200,"Austin Peay Governors",28,57.5,86.8,44,0.766,40,16,24,40,45.2,21.5,10.4,0.28,7.1,35.9,25.6,11.8,13.8,46.1,14.4,4.2,10.2,29.1,0.36
200,"Oakland Golden Grizzlies",30,55.7,86.8,43.1,0.774,39.3,15.2,24.1,38.7,43.9,19.9,11.5,0.3,8.6,35.9,25.2,11.1,14.1,44.2,14.1,4.1,10,29,0.36
203,"Buffalo Bulls",28,59.5,86.7,38.8,0.652,41.1,14.6,26.5,35.6,38.7,22.9,9.8,0.26,7.7,31.7,29.7,12.1,17.6,40.7,11.4,2.5,8.9,22.3,0.28
204,"Eastern Kentucky Colonels",31,54.2,86.6,45.1,0.832,39.5,15.8,23.7,39.9,46.1,16.7,11.7,0.3,9.5,38.8,23,10.9,12.1,47.3,16.5,4.9,11.6,29.5,0.42
204,"Hofstra Pride",27,54.5,86.6,34.5,0.633,38.7,13,25.7,33.6,36.7,21.4,8.9,0.23,7.5,30.5,28,10.6,17.4,37.9,10.7,2.4,8.3,22.2,0.28
206,"Charlotte 49ers",29,63.6,86.5,43.9,0.69,46.4,16.2,30.1,35,39.5,19.4,9,0.23,6.8,32.1,32.5,12.1,20.4,37.3,13.9,4.1,9.8,29.8,0.3
206,"Connecticut Huskies",31,55,86.5,55.8,1.015,42.8,21.9,20.9,51.2,58.1,16,8.7,0.19,7.4,45.6,28.3,16.1,12.2,56.9,14.5,5.8,8.7,40.2,0.34
208,"Bucknell Bison",28,55.1,86.4,40.8,0.741,40.1,15.1,25,37.8,42.4,20,9.3,0.23,7.1,34.2,26.5,11.4,15.1,43,13.6,3.8,9.9,27.6,0.34
208,"Grand Canyon University Antelopes",29,57.3,86.4,42.3,0.739,39.9,15,24.9,37.6,42.5,21.6,10.5,0.28,8.1,34.4,25.5,11.1,14.4,43.4,14.4,3.9,10.4,27.3,0.36
208,"Canisius Golden Griffins",29,57.4,86.4,37.7,0.656,35.3,12.9,22.4,36.5,40.1,28.5,12.5,0.37,9.7,31.8,24.8,10.3,14.4,41.7,10.5,2.6,8,24.3,0.3
211,"William & Mary Tribe",27,56.8,86.3,40.7,0.716,41.6,15.3,26.3,36.8,40.4,18.8,10,0.25,8,34.4,29.7,12.3,17.4,41.5,11.9,3,8.9,25,0.29
212,"Saint Peter's Peacocks",29,56.4,86.2,37,0.656,40,13,26.9,32.6,37.1,20,11.1,0.29,9.2,31.1,25.3,9.4,15.9,37.3,14.7,3.6,11.1,24.5,0.37
212,"Cal State Northridge Matadors",27,62.2,86.2,44.4,0.714,42.1,15.6,26.4,37.1,43.4,23.9,9.9,0.28,7.3,32.6,24.4,10.4,14,42.6,17.7,5.2,12.4,29.6,0.42
214,"Howard Bison",29,58.7,86.1,44.2,0.753,40.6,15.3,25.2,37.8,40.7,18.1,14,0.39,10.5,38,32,13,19,40.7,8.5,2.3,6.2,27.1,0.21
214,"Fairleigh Dickinson Knights",30,58.2,86.1,47.7,0.819,43.7,17.5,26.2,40.1,46.6,17.4,8.6,0.22,6.4,37,27.2,11.8,15.4,43.5,16.5,5.7,10.8,34.5,0.38
216,"Georgetown Hoyas",29,59,86,46.1,0.782,41.6,16.3,25.3,39.3,44.1,19.6,11.7,0.31,9.5,36.7,28.1,12.3,15.8,43.9,13.5,4,9.5,29.6,0.32
217,"South Carolina Gamecocks",31,56.3,85.9,53.2,0.946,41.8,20.3,21.5,48.6,52.7,15.4,12.6,0.31,10.7,45.4,33,16.8,16.2,51,8.8,3.5,5.3,39.6,0.21
217,"Pacific Tigers",29,58.1,85.9,43.6,0.75,39.9,15.2,24.8,38,43.4,22.1,10.3,0.29,6.9,34.9,26,10.8,15.2,41.6,13.9,4.3,9.6,31.2,0.35
219,"Northwestern State Demons",29,57.3,85.8,41.4,0.722,39.8,14.6,25.2,36.6,41.8,21.7,11,0.29,8.3,33.5,25.9,10.4,15.4,40.3,13.9,4.1,9.8,29.8,0.35
220,"Stony Brook Seawolves",29,53.9,85.7,39.9,0.74,37.7,13.9,23.8,36.9,42.5,20.5,11.4,0.3,8.8,34.2,24.7,9.7,15,39.3,13,4.2,8.8,32.4,0.34
220,"Mount St. Mary's Mountaineers",29,55.4,85.7,37.8,0.681,38.5,13.7,24.9,35.5,39.4,20.9,11.3,0.3,8.2,33.1,26.8,10.6,16.2,39.6,11.8,3.1,8.7,26.1,0.31
222,"Gonzaga Bulldogs",31,61.2,85.6,52.8,0.863,43.6,19.5,24.1,44.7,49.9,20,11.6,0.29,8,39.9,31.4,14.9,16.5,47.6,12.2,4.5,7.6,37.3,0.28
222,"West Georgia Wolves",29,58,85.6,46.8,0.807,39.2,15.7,23.6,39.9,46.7,20.9,13.4,0.37,9.7,37,22.5,10.3,12.2,45.6,16.7,5.4,11.3,32.2,0.43
222,"Western Carolina Lady Catamounts",29,57.3,85.6,37.5,0.654,36.9,12,24.8,32.6,36.9,24.7,12.8,0.37,10,31.3,24.6,8.9,15.7,36.3,12.3,3.1,9.2,25.3,0.33
222,"Mississippi State Bulldogs",30,58.2,85.6,46.3,0.797,41,16.7,24.3,40.7,44.4,18.6,12.7,0.33,10.3,38.7,29.4,13.7,15.8,46.4,11.6,3,8.6,26.1,0.28
226,"Niagara Purple Eagles",29,60.8,85.3,33,0.543,39.8,11.8,28,29.7,32.6,26,9.5,0.27,7.7,27,29.2,9.4,19.8,32.3,10.5,2.3,8.2,22.3,0.26
226,"Tennessee Lady Volunteers",28,59.8,85.3,48.7,0.815,45,17.7,27.3,39.3,45.6,15.8,10.5,0.26,8.5,36.9,25.3,12.1,13.3,47.7,19.7,5.6,14.1,28.6,0.44
228,"Temple Owls",28,58,85.2,43.1,0.743,40.5,15.2,25.4,37.4,42.1,19.8,11.8,0.32,8.5,35.5,28.8,11.4,17.4,39.6,11.8,3.8,8,32.1,0.29
228,"South Alabama Jaguars",30,57.9,85.2,42.7,0.738,39.1,15.4,23.7,39.4,44.5,22.8,11.5,0.32,8.7,35.1,26,11.3,14.7,43.5,13.1,4.1,9,31,0.33
230,"Pennsylvania Quakers",26,53.1,85.1,41.8,0.786,38.8,15,23.8,38.6,43.9,18.2,10.1,0.26,7.8,36.5,25,10.8,14.2,43.2,13.8,4.2,9.6,30.2,0.36
231,"Texas-(Arlington) Mavericks",28,58.5,85,41.4,0.708,38.6,14.8,23.9,38.2,41.3,22.9,13.1,0.36,10.4,35.2,31.1,12.4,18.7,39.8,7.6,2.4,5.2,31.6,0.2
231,"Wake Forest Demon Deacons",30,55.7,85,44.4,0.797,39.2,16.6,22.6,42.4,47.6,21.4,10.3,0.26,7.2,37.2,26.3,12.6,13.7,47.8,12.9,4.1,8.9,31.4,0.33
231,"Cal State Fullerton Titans",28,64.1,85,47.3,0.738,46,16.9,29.1,36.7,39.3,17,13.8,0.35,10.9,36.4,35.9,14.5,21.4,40.4,10.1,2.4,7.8,23.6,0.22
231,"Fresno State Bulldogs",30,57,85,39.3,0.69,40.3,14.3,26,35.6,38.8,20,10.6,0.28,9.1,33.5,31.3,11.7,19.6,37.5,9,2.6,6.4,28.9,0.22
231,"Texas-(Rio Grande Valley) Vaqueros",31,57.9,85,44.8,0.774,39.3,15.2,24.1,38.6,43.1,20.3,13.8,0.38,10.6,37.2,27.5,11.6,15.8,42.4,11.8,3.5,8.3,29.8,0.3
236,"Indiana State Sycamores",29,60.4,84.9,47.6,0.788,42.4,16.1,26.4,37.9,41.7,16.9,15.2,0.41,11.6,38.6,30.8,12.8,18,41.6,11.6,3.2,8.4,27.9,0.27
236,"Saint Mary's Gaels",31,55.3,84.9,40.8,0.738,38.8,15.6,23.1,40.3,43.4,21.5,9.6,0.26,7.4,36,29.9,13.3,16.6,44.5,8.9,2.4,6.5,26.4,0.23
236,"Kent State Golden Flashes",28,57.1,84.9,45.9,0.803,37.9,15.3,22.6,40.3,44.3,21.1,14.8,0.41,9.6,38.4,27.3,12.3,15.1,44.8,10.6,3,7.6,28.6,0.28
236,"Akron Zips",28,58.9,84.9,44.6,0.758,40.1,15.5,24.5,38.8,44.1,21.5,12.6,0.34,9.2,35.6,24.8,11.3,13.5,45.5,15.3,4.3,11,27.8,0.38
240,"Northern Kentucky Norse",31,61,84.8,48.7,0.798,43.4,16.6,26.8,38.3,43.2,17.9,12.7,0.34,9.2,37.6,27.2,12.4,14.9,45.4,16.2,4.3,11.9,26.3,0.37
240,"San Diego Toreros",31,56.5,84.8,36.5,0.646,39.6,13.1,26.5,33,36.4,20.7,10.7,0.29,8.4,31.4,29,10.4,18.7,35.7,10.5,2.7,7.8,25.7,0.27
240,"Chattanooga Mocs",27,54.8,84.8,42.3,0.772,39.9,15.7,24.2,39.3,44,19.1,9.9,0.25,7,36.2,26.9,11.9,15,44.3,12.9,3.7,9.2,28.9,0.32
240,"LSU Tigers",30,60.4,84.8,57.2,0.948,44,21.1,22.9,48,51.6,15.5,14.3,0.36,11.6,45.8,35.7,17.9,17.8,50.2,8.3,3.2,5.1,38.4,0.19
240,"Stonehill College Skyhawks",27,57.1,84.8,39.7,0.695,39,14.3,24.7,36.7,40.6,22.9,10.3,0.28,6.9,33,27.6,11.3,16.3,41,11.5,3,8.4,26.5,0.29
245,"Eastern Michigan Eagles",27,55.3,84.6,45,0.814,38.8,16.1,22.7,41.5,46.3,19.8,11.8,0.31,7.9,38.2,25.8,12.3,13.4,47.8,13,3.7,9.3,28.8,0.34
245,"Mississippi Valley State Delta Devils",26,60.8,84.6,37.3,0.614,39.2,12.8,26.4,32.6,35.6,23.4,13.7,0.4,9,31.2,27.5,10.5,17.1,38,11.6,2.3,9.3,19.9,0.3
245,"Purdue Fort Wayne Mastodons",30,54.9,84.6,46.2,0.841,39.6,17.3,22.4,43.6,48.7,18.7,10.9,0.28,8.6,39.7,26.4,13.2,13.3,49.8,13.2,4.1,9.1,31.1,0.33
248,"Bowling Green Falcons",28,55.7,84.5,41.3,0.742,38.4,13.6,24.8,35.5,41.1,19.9,13,0.35,8.8,34.7,22.9,9.3,13.6,40.6,15.5,4.3,11.1,27.9,0.4
249,"North Carolina Tar Heels",31,54.4,84.4,47.3,0.868,41.1,17.5,23.6,42.5,48.8,16.3,9.8,0.24,7.5,39.7,26.7,12.3,14.4,46.2,14.4,5.2,9.3,35.8,0.35
249,"Merrimack Warriors",29,57,84.4,45,0.791,41.3,16.4,24.9,39.8,45.2,19.2,10.4,0.26,7.6,36.5,26.4,12,14.4,45.4,15,4.5,10.5,30,0.36
251,"West Virginia Mountaineers",30,58.3,84.3,49.8,0.853,40.9,17.9,23,43.7,49.3,18.9,13.1,0.35,9.7,40.7,27.5,13.3,14.2,48.4,13.4,4.6,8.9,34,0.33
251,"Virginia Cavaliers",29,59,84.3,50.5,0.856,42.8,18,24.8,42.1,47.1,16.8,12.9,0.33,9.4,40.5,29.5,13.8,15.7,46.8,13.3,4.2,9.1,31.9,0.31
251,"UNLV Rebels",29,55.6,84.3,46.6,0.838,41,17,24,41.5,46.4,16.4,11.7,0.29,9.5,39.7,28.2,13,15.2,46.1,12.8,4,8.8,31.4,0.31
254,"Coastal Carolina Chanticleers",31,58,84.2,45.8,0.791,39.2,15.1,24,38.6,44.6,20.5,14.2,0.39,10.6,37,25,10.5,14.5,41.9,14.1,4.6,9.5,32.9,0.36
254,"Cal State Bakersfield Roadrunners",28,60.7,84.2,42.5,0.7,43.6,14.5,29.1,33.3,38.2,17.6,11.8,0.31,8.1,33.1,29.1,10.3,18.8,35.3,14.5,4.3,10.3,29.2,0.33
254,"Radford Highlanders",31,53.9,84.2,40.1,0.744,39.5,14.5,24.9,36.8,41.9,17.6,10.8,0.27,7.3,34.9,25.5,10.5,15,41.1,13.9,4,9.9,28.9,0.35
257,"USC Upstate Spartans",29,56.5,84.1,37.7,0.666,36.8,13.8,23,37.6,42.4,27.6,8.7,0.24,6,30.9,25.8,10.3,15.5,39.8,11,3.6,7.4,32.3,0.3
257,"Grambling State Tigers",29,61.6,84.1,40.1,0.65,42.5,14.3,28.2,33.7,36.5,19.9,12.6,0.34,9.6,32.9,30.7,12,18.6,39.3,11.9,2.3,9.6,19.5,0.28
257,"Nevada Wolf Pack",28,55.2,84.1,39.3,0.712,39.8,15.3,24.5,38.4,41.2,18.9,10.7,0.28,8.3,35.1,29.7,13.1,16.6,44.2,10.1,2.2,7.9,21.6,0.25
257,"Hawaii Warriors",28,53.2,84.1,42.8,0.805,36.8,15,21.8,40.7,47,21.3,11.1,0.3,7.9,37.2,23.2,10.3,12.9,44.4,13.6,4.7,8.9,34.4,0.37
261,"Pepperdine Waves",30,54.1,84,46.6,0.861,38.9,17.2,21.8,44.1,50,19.3,10.5,0.27,7.5,39.9,25.9,12.6,13.3,48.6,13.1,4.6,8.5,35.2,0.34
261,"Southern Illinois Salukis",28,61,84,46.4,0.76,44.5,17.4,27.1,39.1,41.5,16.6,12.3,0.31,10.2,37.5,36.6,15.2,21.4,41.6,7.9,2.2,5.8,27.5,0.18
263,"Arizona Wildcats",29,50.8,83.9,39.7,0.781,34.8,14.2,20.6,40.9,44.2,21.6,12.1,0.33,8.9,37.4,26.5,11.9,14.6,45.1,8.3,2.3,6,27.7,0.24
264,"Miami (FL) Hurricanes",29,56.7,83.7,46.3,0.817,41.6,17.4,24.1,42,45.4,16.6,12.5,0.31,9.6,39.9,30.2,14.6,15.6,48.2,11.4,2.9,8.5,25.4,0.27
265,"Georgia Southern Eagles",29,55.6,83.6,47.1,0.849,40,16.5,23.5,41.3,46.9,17.3,13.3,0.33,9.4,39.4,24.8,12,12.8,48.4,15.2,4.5,10.7,29.6,0.38
265,"Delaware State Hornets",28,54.4,83.6,33.1,0.608,35.5,12,23.4,33.9,37.4,25.3,10.9,0.31,9.1,30.1,26.2,9.6,16.6,36.6,9.3,2.4,6.8,26.3,0.26
267,"Syracuse Orange",29,59.8,83.5,47.2,0.789,44.1,17.5,26.6,39.7,43.3,16.9,11.6,0.28,9.2,37.8,34.1,14.3,19.8,42,9.9,3.2,6.8,31.9,0.23
267,"Colorado State Rams",30,53.7,83.5,47.7,0.888,41.2,17.1,24.1,41.4,46.8,13.2,12.7,0.3,10.4,41.1,27.7,12.7,15,45.7,13.5,4.4,9.1,32.6,0.33
267,"Alcorn State Braves",27,53.1,83.5,32.9,0.619,35.9,11.5,24.4,32,35.7,23.1,11.1,0.3,8.2,29.7,24.5,8.8,15.7,36,11.4,2.7,8.7,23.4,0.32
267,"Queens University of Charlotte Royals",29,57,83.5,38.1,0.668,40.2,13.6,26.7,33.7,39,20.6,10.5,0.28,8.1,31,26.7,9.3,17.4,34.9,13.5,4.2,9.3,31.4,0.34
271,"Abilene Christian Wildcats",29,56,83.2,47.8,0.853,40.2,16.7,23.5,41.5,47.7,17.9,12.1,0.31,9.1,39.4,23.8,11.7,12.1,49.2,16.4,5,11.4,30.3,0.41
272,"UMKC Kangaroos",29,61.2,83.1,46.7,0.763,45.3,17.5,27.8,38.7,42.3,16.4,11.5,0.29,9.3,36.5,35.3,14.2,21.1,40.3,10,3.3,6.7,33.1,0.22
273,"East Tennessee State Buccaneers",29,55.1,83,41.2,0.747,39.8,14.4,25.4,36.2,40.3,16.8,12.6,0.33,9.3,36,27.7,11.2,16.5,40.3,12.1,3.2,8.9,26.8,0.3
274,"Loyola Marymount Lions",29,56.8,82.9,49.1,0.865,42.5,17.7,24.8,41.6,45.9,14.4,13.2,0.33,10,40.8,31.1,14.1,17,45.3,11.4,3.6,7.8,31.7,0.27
275,"Jacksonville State Gamecocks",29,53.5,82.8,40.1,0.749,38.9,14,24.9,36,42,18.1,10.4,0.27,8.1,34.4,23.6,9.4,14.2,39.8,15.3,4.6,10.7,30.2,0.39
275,"Stanford Cardinal",31,55.8,82.8,47.3,0.847,41.6,17.5,24.2,42,46.4,17.2,10.8,0.26,8.8,39.2,28.9,13.8,15,47.9,12.8,3.6,9.1,28.5,0.31
277,"Coppin State Eagles",30,56.7,82.7,33.8,0.596,35.8,11,24.8,30.8,34.8,26.1,11.8,0.36,8.5,29.2,24.3,8.1,16.2,33.4,11.5,2.9,8.6,25.2,0.32
277,"Loyola (MD) Greyhounds",28,55.3,82.7,41.5,0.75,38.2,15.3,22.9,40,43.8,21.3,11.4,0.3,7.9,36.1,28.3,12.4,15.9,43.9,9.9,2.9,7,28.9,0.26
279,"Columbia Lions",26,56.1,82.6,47.5,0.848,40.4,17.7,22.8,43.7,48.9,19.1,11.1,0.28,9.1,39.6,27.2,13.5,13.7,49.6,13.3,4.2,9.1,31.6,0.33
279,"Southeast Missouri State Redhawks",29,54.7,82.6,43.7,0.8,37.6,15.4,22.2,40.9,45,19.7,14.3,0.38,10.5,38.5,26.8,12.3,14.4,46,10.8,3.1,7.8,28.3,0.29
279,"Wagner Seahawks",28,57.8,82.6,36.1,0.625,38.7,13.1,25.5,34,36.3,22.7,11.6,0.33,8.4,31.9,29.8,11.3,18.5,38,8.9,1.8,7,20.6,0.23
282,"Jackson State Tigers",28,56.8,82.5,36.4,0.641,39.1,12.5,26.5,32.1,36.3,21.6,10.8,0.3,8.5,30.6,27.8,9.3,18.5,33.3,11.3,3.3,8,29.1,0.29
282,"Tulane Green Wave",28,54.2,82.5,38.8,0.715,38.1,14.6,23.6,38.2,42.1,20.8,10.3,0.27,8.3,34.3,26,11.6,14.4,44.6,12.2,3,9.2,24.6,0.32
282,"Monmouth Hawks",28,54.2,82.5,42.1,0.777,38,15.1,22.9,39.8,44.4,19.6,12.3,0.32,8.7,37.4,25.7,11.7,14,45.4,12.3,3.5,8.9,28.1,0.32
285,"Arizona State Sun Devils",31,58.1,82.4,46.5,0.8,41.1,17.2,23.9,41.8,45.3,19.4,11.5,0.3,7.8,38.7,30.7,14.4,16.4,46.7,10.4,2.8,7.5,27.4,0.25
285,"Louisville Cardinals",31,55.4,82.4,49.2,0.889,43.1,18.8,24.3,43.6,49.1,14.7,9.6,0.22,7.6,40.7,29.2,14.1,15.1,48.2,13.9,4.7,9.2,33.9,0.32
285,"Memphis Tigers",29,58.6,82.4,39.4,0.672,42.2,15,27.2,35.5,37.9,18.3,11.2,0.29,8,33.5,32.4,13,19.4,40,9.8,2,7.8,20.4,0.23
288,"Rider Broncs",29,55.9,82.1,38,0.681,41.3,14.6,26.7,35.4,40.3,19.9,7.5,0.19,5.7,31.3,25.2,10.6,14.7,41.9,16,4,12,25.2,0.39
289,"New Orleans Privateers",29,57.9,81.9,37.3,0.644,39.6,13.1,26.5,33,36.5,22.1,11.5,0.31,9.2,31,28.2,10.3,17.9,36.7,11.3,2.7,8.6,24,0.29
289,"New Haven Chargers",28,56.3,81.9,39,0.693,39.3,14.3,24.9,36.5,40.4,22,9.5,0.26,8,32.8,27.9,11.2,16.6,40.3,11.4,3.1,8.3,27.3,0.29
291,"Northern Colorado Bears",31,58.3,81.8,45.9,0.788,40.1,16.1,24,40.2,44.5,21,12.8,0.33,9.4,37.2,27.5,12.6,14.8,46,12.6,3.5,9.1,27.4,0.31
292,"Louisiana-(Monroe) Warhawks",28,59,81.7,41.5,0.703,41.6,15,26.5,36.2,39.9,19.8,11.2,0.3,8,33.9,30.9,11.9,19,38.5,10.6,3.1,7.5,29.5,0.26
292,"Rutgers Scarlet Knights",29,51.9,81.7,36,0.693,35.6,13,22.6,36.5,40.4,21.6,11.6,0.31,8.2,33.8,25.4,10.3,15.1,40.4,10.2,2.7,7.4,26.8,0.29
292,"Rhode Island Rams",29,48,81.7,42.4,0.882,36.1,15.1,21,41.8,46.8,14.6,12.7,0.31,9.3,41.1,24.9,11.5,13.3,46.3,11.3,3.6,7.7,31.8,0.31
295,"North Carolina State Wolfpack",29,55,81.6,46.9,0.853,42.9,18.2,24.8,42.3,46.3,14.4,9.8,0.22,7.9,39.9,31.6,14.8,16.8,46.9,11.4,3.4,8,29.7,0.27
295,"New Mexico Lobos",28,54,81.6,43.6,0.808,40.3,16.2,24.1,40.2,45.8,17.4,9.8,0.24,7.9,37.3,25.4,11.6,13.7,45.9,14.9,4.5,10.4,30.5,0.37
295,"Mercer Bears",30,52.7,81.6,39,0.741,37.1,12.7,24.4,34.1,38.3,17.3,14.3,0.38,11.1,35.6,27.5,9.6,17.9,35,9.6,3.1,6.6,31.8,0.26
298,"Sacramento State Hornets",31,53.4,81.5,39.3,0.736,37.9,14.5,23.4,38.2,44,21.8,8.6,0.22,6.2,33.5,24.1,10.1,14,42,13.8,4.4,9.4,31.6,0.36
298,"Wisconsin-(Green Bay) Phoenix",30,54.9,81.5,48.7,0.888,40,17.9,22.1,44.8,49.7,17.6,11.6,0.29,8.5,41.6,28.4,14,14.3,49.5,11.7,3.9,7.8,33.4,0.29
300,"Morgan State Bears",29,51.8,81.3,33.1,0.638,34.6,11.1,23.5,32,35.6,22.6,12.4,0.35,9.8,31.2,25.9,8.6,17.3,33.2,8.7,2.5,6.2,28.7,0.25
300,"Duke Blue Devils",29,54,81.3,44.5,0.824,39.4,16.5,23,41.8,45.8,16.8,12.6,0.31,10.2,39.2,29.2,13.3,15.9,45.6,10.3,3.2,7.1,30.9,0.26
302,"Florida International Panthers",27,56,81.2,41.7,0.745,36.3,13.7,22.5,37.9,41.9,22.5,15.5,0.44,11.3,36,25.5,10.8,14.7,42.4,10.7,2.9,7.8,27.2,0.3
303,"Northeastern Huskies",27,51.4,81.1,38.3,0.745,34.9,13.3,21.6,38.2,42.2,21,13.5,0.37,9.6,36.2,25.4,10.6,14.9,41.5,9.5,2.8,6.7,29.3,0.27
303,"Louisiana-(Lafayette) Ragin Cajuns",29,54.7,81.1,32.8,0.599,38.7,12.1,26.6,31.3,33.3,21,10,0.26,7.8,29.5,30.6,10.6,19.9,34.8,8.2,1.5,6.7,18.6,0.21
305,"Notre Dame Fighting Irish",29,53.3,81,47.1,0.882,40.4,17.6,22.9,43.4,48.5,15.8,10,0.25,8.7,41.1,29,13.4,15.5,46.4,11.4,4.1,7.3,35.8,0.28
305,"North Carolina A&T Aggies",27,55.2,81,39.6,0.717,35.6,13.3,22.3,37.3,41.4,22.9,14.9,0.43,10.6,34.8,24.9,10.4,14.5,41.7,10.7,2.9,7.8,27.1,0.3
307,"Pittsburgh Panthers",31,53.9,80.7,37.1,0.688,39.6,13.8,25.8,34.9,38.4,18.9,9.1,0.23,8.2,32.7,28.8,11,17.8,38.3,10.8,2.8,8,25.7,0.27
307,"Idaho State Bengals",29,54.5,80.7,41.8,0.768,39.6,15.6,24,39.4,43.1,18.1,10.8,0.28,7.5,37.1,30.3,12.7,17.7,41.8,9.2,2.9,6.3,31.5,0.23
307,"South Carolina State Bulldogs",28,54.4,80.7,30.8,0.565,36.6,11.1,25.5,30.4,34.3,25.5,8.1,0.23,6.8,26.9,25.1,8.3,16.8,33.2,11.6,2.8,8.8,24.4,0.32
310,"North Texas Mean Green",29,58,80.6,46,0.793,40.9,16.7,24.3,40.7,44.7,19,13,0.33,9.9,37.8,32.3,13.4,18.9,41.5,8.6,3.2,5.4,37.6,0.21
310,"James Madison Dukes",31,52.8,80.6,42,0.794,37.7,15.1,22.5,40.2,44.5,17.7,13.1,0.34,10.1,38,25.7,11.9,13.8,46.2,12,3.3,8.7,27.2,0.32
312,"Air Force Falcons",29,55.4,80.4,40.3,0.727,41.4,14.6,26.8,35.3,39.5,16.1,10.3,0.26,8,34.5,29.3,11.2,18.1,38.2,12.1,3.4,8.7,28.4,0.29
312,"Prairie View A&M Panthers",28,50.5,80.4,29.8,0.59,33.1,10.2,22.9,30.7,34.5,24.1,11.7,0.34,9.8,28.6,22.1,7.7,14.4,34.8,11,2.5,8.5,22.7,0.33
314,"Kennesaw State Fighting Owls",28,53.7,80.2,38.2,0.712,35.6,14.4,21.1,40.6,43.5,24.2,11.9,0.33,9.2,34.8,28.3,12.3,16,43.6,7.3,2.1,5.2,28.9,0.2
315,"Toledo Rockets",27,53.4,80.1,41.7,0.781,36,15.2,20.8,42.2,46.3,22.7,12,0.32,9.3,37.3,25.3,12.2,13,48.4,10.7,3,7.8,27.6,0.3
315,"Bethune-Cookman Wildcats",28,54,80.1,33.8,0.625,34.3,11.1,23.2,32.3,35.7,25.1,13,0.39,9.9,31.1,26,8.8,17.2,33.7,8.3,2.3,6,28,0.24
317,"North Carolina-Wilmington Seahawks",28,51.5,80,36.3,0.705,33.6,12.8,20.8,38,43,24.7,11,0.32,8.2,33.7,23.2,9.5,13.8,40.8,10.4,3.3,7.1,32,0.31
318,"Virginia Tech Hokies",30,51.5,79.9,39.3,0.763,38.7,14.4,24.3,37.1,40.5,15.4,11.3,0.28,7.8,36.7,29.3,11.8,17.5,40.2,9.4,2.6,6.8,27.6,0.24
319,"Illinois Fighting Illini",29,54.4,79.8,49.2,0.904,40.4,17.8,22.6,44.2,48.5,15.5,12.3,0.31,8.7,42.7,30,14.3,15.7,47.6,10.4,3.6,6.9,34.1,0.26
320,"Colorado Buffaloes",30,55,79.7,42.9,0.78,38.1,15.6,22.4,41.1,44,19.6,13,0.35,9.6,38.6,28.6,13.4,15.2,46.9,9.4,2.2,7.2,23.3,0.25
321,"Sam Houston State Bearkats",27,56.4,79.4,38.6,0.685,38.8,13.6,25.1,35.1,38.2,19.8,13.5,0.36,9.9,34,30.3,11.3,19,37.3,8.5,2.3,6.2,27.4,0.22
322,"Southern Miss Golden Eagles",30,50.5,79.3,42.9,0.848,37.9,15.4,22.5,40.7,45.3,15.1,12.2,0.29,9.9,39.4,26.4,11.9,14.5,45.2,11.5,3.5,8,30.3,0.3
322,"UTEP Miners",27,52.8,79.3,37.3,0.707,37.3,13.1,24.1,35.2,39.2,19.3,12.1,0.31,9.4,33.6,27,10.1,16.8,37.6,10.3,3,7.3,28.8,0.28
324,"Houston Cougars",29,52.8,79.2,35.4,0.671,35.8,12.5,23.3,34.8,38.6,22.5,10.9,0.3,8.2,32.4,26.1,9.8,16.3,37.5,9.7,2.7,7,27.7,0.27
324,"Central Connecticut State Blue Devils",28,52.7,79.2,35,0.664,37,12.6,24.4,34.1,36.4,20.9,11.1,0.29,8.5,32.5,28.6,10.9,17.8,37.9,8.4,1.8,6.6,20.9,0.23
326,"UCF Knights",29,51.9,79,37.2,0.716,35.3,13.4,21.9,38,40.2,21.5,12.2,0.33,9.6,35.6,28.1,11.9,16.2,42.3,7.2,1.6,5.7,21.5,0.2
326,"North Carolina Central Eagles",27,53.4,79,30.4,0.569,34.7,10.5,24.1,30.3,33.2,24.1,12.1,0.35,8.7,28.5,26.5,8.6,18,32.3,8.1,2,6.2,24.1,0.24
328,"Auburn Tigers",30,50.1,78.9,34,0.678,36.1,12.5,23.7,34.5,38.3,19.4,9.9,0.26,7.7,32.7,25.5,9.7,15.8,38,10.6,2.8,7.9,26,0.29
328,"Cleveland State Vikings",31,52.1,78.9,44.8,0.861,34.8,15,19.7,43.2,48.4,19.8,15.9,0.44,11.2,41.2,22.9,11.4,11.5,49.9,11.9,3.6,8.3,30.4,0.34
330,"Iona Gaels",30,52.3,78.7,36.6,0.701,38.5,13.1,25.4,34.1,38.1,17.6,10.3,0.26,6.3,33.2,26.8,10,16.8,37.3,11.7,3.1,8.6,26.7,0.3
331,"Arkansas-(Pine Bluff) Golden Lions",26,53.1,78.5,34,0.641,35.5,12.2,23.3,34.3,38.1,22.8,12.2,0.34,9.6,31.4,26.1,9.5,16.6,36.4,9.4,2.7,6.7,28.6,0.27
331,"Charleston Cougars",27,55.4,78.5,44.6,0.804,42.3,16.3,26,38.5,42.6,14.6,11.1,0.27,9.4,37.9,30.9,12.9,18,41.6,11.4,3.4,8,30.1,0.27
333,"McNeese State Cowgirls",31,50.8,78.2,39.3,0.772,39.3,14.3,24.9,36.5,40.2,13.3,10.9,0.26,8.8,37,30.2,11.4,18.8,37.8,9.1,2.9,6.2,32,0.23
334,"Arkansas State Red Wolves",31,57.1,77.9,44,0.77,41.6,15.5,26.1,37.4,43.3,18.1,10.8,0.28,7.6,35,23.3,10.6,12.7,45.4,18.3,5,13.4,27.1,0.44
335,"Appalachian State Mountaineers",30,49.9,77.8,39.2,0.786,35.5,14.4,21.1,40.6,45.2,18.9,12,0.31,9.2,37.7,24.3,11.1,13.2,45.7,11.2,3.3,7.9,29.4,0.32
336,"Maryland-Eastern Shore Hawks",30,55.5,77.6,37.1,0.668,36.7,12.6,24.1,34.3,37.5,22.6,12.8,0.36,9.5,33,28.3,10.3,18,36.3,8.4,2.3,6.1,27.7,0.23
336,"Troy Trojans",30,56,77.6,44.1,0.788,40.2,16,24.2,39.7,43.6,17.7,12.5,0.32,10,38,29.8,12.9,16.9,43.2,10.4,3.1,7.3,29.7,0.26
338,"Southern University Jaguars",26,54.5,77.5,37.1,0.681,37.5,13.2,24.3,35.2,38.9,20.5,12.6,0.34,9.7,33.3,28.7,10.5,18.2,36.6,8.8,2.7,6.1,30.9,0.24
338,"North Carolina-Asheville Bulldogs",29,50.5,77.5,34,0.673,32.5,11.7,20.8,35.9,40.3,23.9,13,0.39,9.5,33.3,22.3,8.8,13.6,39.3,10.2,2.9,7.3,28.5,0.31
340,"Texas-(Austin) Longhorns",31,55.9,77.3,50.8,0.909,42.2,20.1,22.1,47.6,49.5,14.1,12.5,0.3,9.4,45.5,36.3,18.4,17.9,50.6,5.9,1.7,4.2,28.6,0.14
341,"Georgia State Panthers",30,50.7,77.2,38,0.749,35.5,12.3,23.1,34.8,39.5,16.5,15.9,0.42,11.6,35.9,22.6,9,13.6,39.8,12.9,3.3,9.5,25.9,0.36
341,"Florida A&M Rattlers",28,54.4,77.2,34.1,0.626,36.6,11.9,24.6,32.6,34.4,21.7,12.4,0.35,9,31.9,29.7,10.6,19.1,35.8,6.9,1.3,5.6,18.8,0.19
343,"Jacksonville Dolphins",29,49.9,77,37.3,0.748,34,12,22,35.3,38.8,18.1,15.8,0.43,10.5,36.8,24.7,9.6,15.1,38.9,9.4,2.4,7,25.7,0.28
343,"Montana State Bobcats",29,54.4,77,44.1,0.811,39.8,16,23.8,40.3,45.5,16.8,12,0.31,8.9,38.8,25.7,11.9,13.8,46.4,14.1,4.1,10,29.2,0.35
343,"Hampton Pirates",26,50.5,77,36,0.713,37.2,13,24.1,35.1,39.5,18.1,9.8,0.25,8.1,33.5,25.1,9.7,15.4,38.7,12,3.3,8.7,27.5,0.32
346,"Alabama State Hornets",27,50.5,76.9,31.7,0.628,33.2,12.1,21.1,36.5,39.7,25.7,10.5,0.29,8.1,30.7,24.8,10,14.9,40.1,8.4,2.1,6.3,25.6,0.25
346,"Robert Morris Colonials",29,53.2,76.9,43.8,0.823,37.2,15.7,21.6,42,45.6,19.3,13.2,0.34,9.4,39.6,27.2,13,14.2,47.7,10.1,2.7,7.4,26.7,0.27
348,"Chicago State Cougars",29,50.7,76.8,36.4,0.718,35.1,13.1,22.1,37.2,40.6,20,12.8,0.34,9.7,35.8,26.4,10.7,15.8,40.4,8.7,2.4,6.3,27.4,0.25
349,"Old Dominion Lady Monarchs",30,52.7,76.7,38.2,0.725,36.5,13.1,23.4,35.9,39.1,19.3,13.5,0.36,10.1,35.5,27.2,10.7,16.5,39.4,9.3,2.4,6.9,25.5,0.25
350,"Detroit Titans",30,53.5,76.3,38.4,0.717,37.4,13.8,23.6,36.8,40.2,19.3,12.8,0.34,9.5,35.3,26.8,11.2,15.6,41.8,10.6,2.6,8,24.2,0.28
351,"Winthrop Eagles",30,49.2,76.2,35.2,0.714,33.6,12.3,21.2,36.7,39.5,20.6,13.7,0.37,9.9,35.1,25.4,10.5,14.9,41.3,8.2,1.9,6.3,22.8,0.24
352,"Presbyterian Blue Hose",28,50.4,76.1,28.8,0.572,33.1,10.3,22.9,30.9,33.5,24.9,10.9,0.31,9.1,28.3,24.9,8.5,16.4,34.2,8.2,1.7,6.5,20.9,0.25
353,"Alabama A&M Bulldogs",26,51.2,75.9,36,0.704,32.2,12,20.2,37.3,40.4,23.6,15.9,0.48,11.4,35.3,24,10,14,41.8,8.2,2,6.2,24.1,0.25
354,"Longwood Lancers",29,54,75.3,41.3,0.764,38.1,14.8,23.3,38.8,42.7,19.1,12.1,0.32,8.9,37.1,27.2,11.8,15.4,43.3,10.9,3,7.9,27.3,0.29
355,"Nicholls State Colonels",29,50.1,74.4,37.2,0.742,34.9,13,22,37.1,40.3,18.7,13.8,0.37,11.1,36.8,26.1,10.7,15.4,41,8.8,2.2,6.6,25.5,0.25
356,"Central Michigan Chippewas",28,53.2,73.5,41.9,0.788,35.8,14.4,21.4,40.3,44,20.2,15.3,0.41,10.6,38.7,28.4,11.8,16.5,41.7,7.4,2.6,4.8,35.1,0.21
357,"Texas State Bobcats",29,47.5,72,30.9,0.65,31.3,11.2,20,35.9,38.5,24.5,11.1,0.32,8.6,32.6,24.4,9.6,14.8,39.4,6.8,1.6,5.2,23.7,0.22
357,"Lamar Cardinals",29,48.2,72,35.4,0.734,31.8,12,19.8,37.7,41.9,21.4,14.1,0.4,10.6,36.2,23.2,9.3,13.8,40.3,8.6,2.7,6,30.8,0.27
359,"Indiana University - Indianapolis Jaguars",29,46.8,71.4,36,0.769,31.2,11.7,19.6,37.3,41.7,18.6,17,0.48,12.2,37.7,19.7,9,10.8,45.5,11.5,2.7,8.8,23.4,0.37
360,"Mississippi Rebels",30,49.3,71.1,40.3,0.817,35.4,14.3,21.1,40.3,44.1,16.6,13.6,0.35,10.6,39.8,25.9,11.6,14.3,44.8,9.5,2.7,6.8,28.2,0.27
361,"Saint Francis (PA) Red Flash",28,45.2,70.1,30.8,0.682,30.5,10.9,19.6,35.8,39.9,23.8,10.7,0.29,8.7,32.3,21.5,8.4,13.1,39.2,9,2.5,6.5,27.8,0.3
362,"Long Island University Sharks",28,47.2,69,38.3,0.811,32.8,13,19.8,39.7,44.5,18.5,14.3,0.38,10.7,38.9,22.6,9.9,12.7,43.8,10.3,3.1,7.1,30.7,0.31
363,"Texas Southern Tigers",29,47.8,67.9,31.1,0.652,31.6,10.6,20.9,33.7,38,22.4,13.1,0.38,9.9,31.6,20.3,7.9,12.5,38.6,11.2,2.8,8.4,24.6,0.36